date,version,object_type,object_name,category,observation,conclusion,action,status,confidence
2026-07-30,9.0,MODEL,FAJ,Round1,Точность исходов 2 из 8,Недостаточная калибровка модели,Запустить самообучение,OPEN,0.95
2026-07-30,9.0,MODEL,FAJ,Draws,Модель переоценила количество ничьих,Снизить склонность к ничьим,Уменьшить вес ничьей,OPEN,0.90
2026-07-30,9.0,MODEL,FAJ,Form,Форма команд оказалась важнее ожиданий,Усилить влияние формы,Повысить вес Form,OPEN,0.92
2026-07-30,9.0,MODEL,FAJ,Home,Домашнее преимущество переоценено,Скорректировать коэффициент дома,Уменьшить Home Advantage,OPEN,0.88
2026-07-30,9.0,MODEL,FAJ,RedCards,Удаления существенно изменяют ход матча,Добавить фактор удаления в модель,Ввести штраф по xG,OPEN,0.97
2026-07-30,9.0,TEAM,Зенит,Strength,Команда значительно превысила ожидания,Необходимо повысить рейтинг формы,Обновить паспорт после тура,OPEN,0.93
2026-07-30,9.0,TEAM,Спартак,Strength,Уверенная победа подтверждает силу атаки,Повысить форму команды,Обновить паспорт после тура,OPEN,0.89
2026-07-30,9.0,TEAM,Краснодар,Attack,Атака оказалась сильнее прогнозной,Усилить атакующий рейтинг,Обновить паспорт после тура,OPEN,0.91
2026-07-30,9.0,TEAM,Оренбург,Mentality,Победа после удаления показала высокий характер,Повысить показатель ментальности,Обновить паспорт после тура,OPEN,0.94
2026-07-30,9.0,SYSTEM,Learning,Cycle,Первый цикл самоанализа завершён,FAJ начинает накопление опыта,Перейти к версии 9.1,OPEN,1.00
