id,team,round,date,previous_form,result_change,new_form,attack_change,defense_change,momentum,notes,version
1,Зенит,1,2026-07-29,84,+3,87,+3,0,VERY_HIGH,Победа 0:5 на выезде, атака значительно выше ожиданий,FAJ_9.0
2,Краснодар,1,2026-07-29,79,+1,80,+1,0,HIGH,Победа над Рубином 3:1, но с учётом удаления соперника,FAJ_9.0
3,Локомотив,1,2026-07-29,87,-1,86,0,-1,MEDIUM,Ничья с Ахматом, потеря очков дома,FAJ_9.0
4,Динамо М,1,2026-07-29,81,-3,78,-2,-1,LOW,0:0 с Крыльями, атака не реализовала преимущество,FAJ_9.0
5,Спартак,1,2026-07-29,76,+2,78,+2,0,HIGH,Победа 3:0 над Родиной, фаворит подтвердил класс,FAJ_9.0
6,ЦСКА,1,2026-07-29,79,+1,80,+1,0,MEDIUM,Победа 2:1 над Балтикой после сложного сценария,FAJ_9.0
7,Ахмат,1,2026-07-29,78,+1,79,0,+1,MEDIUM,Ничья с Локомотивом на выезде,FAJ_9.0
8,Рубин,1,2026-07-29,71,-2,69,-1,-1,LOW,Поражение 1:3 и удаление игрока,FAJ_9.0
9,Ростов,1,2026-07-29,74,+1,75,+1,0,MEDIUM,Победа 2:1 над Оренбургом,FAJ_9.0
10,Балтика,1,2026-07-29,76,0,76,0,0,STABLE,Поражение 1:2, но конкурентная игра против ЦСКА,FAJ_9.0
11,Акрон,1,2026-07-29,75,-3,72,-2,-1,LOW,Поражение 0:5 от Зенита, слабая оборона,FAJ_9.0
12,Оренбург,1,2026-07-29,70,+1,71,0,+1,MEDIUM,Поражение 1:2, но высокая сопротивляемость после удаления,FAJ_9.0
13,Факел,1,2026-07-29,68,-2,66,-1,-1,LOW,Домашнее поражение 1:2,FAJ_9.0
14,Крылья Советов,1,2026-07-29,67,+1,68,0,+1,MEDIUM,Ничья с Динамо на выезде,FAJ_9.0
15,Динамо Мх,1,2026-07-29,70,+2,72,+1,+1,HIGH,Победа над Факелом в гостях,FAJ_9.0
16,Родина,1,2026-07-29,68,-2,66,-1,-1,LOW,Поражение 0:3 от Спартака,FAJ_9.0
